{
    "timestamp": "2025-10-07T00:00:00+03:00",
    "total_daily_reward": 4.233580980683507,
    "base": {
        "actual_reward": 2.1167904903417534,
        "reward_score": 100,
        "max_reward": 2.1167904903417534,
        "qod_score": 100,
        "cell_capacity": 10,
        "cell_position": 1
    },
    "boost": {
        "total_daily_reward": 2.1167904903417534,
        "data": [
            {
                "code": "trov2",
                "title": "TROv2 Rewards",
                "description": "A reward boost used to distribute additional rewards to TROv2 devices",
                "actual_reward": 2.1167904903417534,
                "reward_score": 100
            }
        ]
    },
    "reward_split": [
        {
            "wallet": "0x12D4E16fcCAC298B3D05773CCDE93255A847e1E7",
            "stake": 100,
            "reward": 4.233580980683507
        }
    ],
    "annotation_summary": []
}
